set sql_mode="";
INSERT INTO `cliente` (`cli_codigo`, `cli_nombre_empresa`, `cli_identificacion`, `cli_nombre_apellido`, `cli_direccion`, `cli_depto`, `cli_ciudad`, `cli_movil`, `cli_email`, `cli_telefono`, `cli_descuento`) VALUES
(1, 'Minorista', '1', '1', '1', '1', '1', '1', '1', '1', '0'),
(2, 'Ajuste Inventario', '1', '1', '1', '1', '1', '1', '1', '1', '0'),
(3, 'Mayorista', '1', '1', '1', '1', '1', '1', '1', '1', '0');

INSERT INTO `proveedor` (
`prov_codigo` ,
`prov_nombre` ,
`prov_nit` ,
`prov_tipoRegimen` ,
`prov_aplica_retefuente` ,
`prov_tarifaCree` ,
`prov_direccion` ,
`prov_ciudad` ,
`prov_contacto` ,
`prov_telefono` ,
`prov_celular` ,
`prov_tel_contacto` ,
`prov_nota` ,
`prov_tipo`) VALUES (
'1' , 'Inventario', '1', 'rSimplificado', 'exento', '0', '0', '0', '0', '0', '0', '0', '0', NULL);

INSERT INTO `configuracion_factura` (`confac_codigo`, `confac_nombre_empresa`, `confac_nit`, `confac_direccion`, `confac_cuidad_telefono`, `confac_texto_a`, `confac_texto_b`, `confac_texto_c`, `confac_texto_d`, `confac_texto_e`, `confac_nombre_empresa_x`, `confac_nit_x`, `confac_direccion_x`, `confac_cuidad_telefono_x`, `confac_texto_a_x`, `confac_texto_b_x`, `confac_texto_c_x`, `confac_texto_d_x`, `confac_texto_e_x`, `confac_logo_x`) VALUES
(1, '', '', '', 'Armenia - Quindio , Tel : 7 34 3535', 'No practicar retencion en la fuente', 'Beneficiarios Ley 1420 del 2010', 'Resol DIAN No. 10000042757 Regimen Comun', '22/02/2012 Factura de 02-2001 a 02-1000000', '', 60, 100, 70, 20, 0, 0, 0, 0, 0, 130);


INSERT INTO `module` (`mod_code`, `mod_name`, `mod_name_en`, `mod_url`, `mod_order`, `mod_son`) VALUES
(1, 'Ventas', 'Sales', 'ventas.php', 0, 0),
(2, 'Abonos', 'Payment', 'abonosVentas.php', 1, 1),
(3, 'Compras', 'Shopping', 'listaFacturas.php', 2, 0),
(4, 'Abonos', 'Payment', 'abonosCompras.php', 3, 3),
(5, 'Usuarios', 'Users', 'listaUsuario.php', 4, 0),
(6, 'Proveedores', 'suppliers', 'listaProveedor.php', 5, 0),
(7, 'Clientes', 'Customers', 'listaClientes.php', 6, 0),
(8, 'Productos', 'Products', 'listaProductos.php', 7, 0),
(9, 'Inventario', 'Inventory', 'inventario.php', 8, 0),
(10, 'Egresos', 'Expenses', 'listaGastos.php', 9, 0),
(11, 'Balances', 'Saldos', 'balances.php', 10, 0),
(12, 'Prestamos', 'Loans', 'listaPrestamo.php', 11, 0),
(13, 'Zetas', 'Zetas', 'z.php', 12, 0),
(14, 'Cuadres', 'Daily Presale Adjust', 'listaCuadreDiario.php', 13, 0),
(15, 'Reportes', 'Reports', 'reportes.php', 18, 0),
(16, 'Reporte de Utilidades', 'Utilities Report', 'reporte_utilidad.php', 19, 15),
(17, 'Reporte de Utilidades por Cliente', 'Utilities Report by Customer', 'reporte_utilidad_cliente.php', 20, 15),
(18, 'Reporte de Ventas por Productos', 'Sales Report by Product', 'reporte_utilidad_producto.php', 21, 15),
(19, 'Reporte de Ventas por Categorias', 'Sales Report by Categories', 'reporte_utilidad_categoria.php', 22, 15),
(20, 'Reporte de Deudas por Cliente', 'Dept Report by Customer', 'reporte_utilidad_cliente_deuda.php', 23, 15),
(21, 'Reporte de Deudas a Proveedores', 'Dept Report by Suppliers', 'reporte_proveedor_deuda.php', 24, 15),
(22, 'Reporte de Facturas de Venta', 'Sales Bill Report', 'reporte_factura_numero.php', 25, 15),
(23, 'Liquidacion', 'Liquidation', 'liquidacion.php', 17, 0),
(24, 'Traspasos', 'Transfers', 'listaTranspaso.php', 16, 0),
(25, 'Pedidos', 'Orders', 'listaPedidos.php', 13, 0),
(26, 'Cierre Diario', 'Close Journal', 'listaContabilidad.php', 15, 0),
(27, 'Devoluciones Proveedores', 'Returns Providers', 'listaDevolucion.php', 14, 44),
(28, 'Ajustes de Inventario', 'Inventory adjustments', 'promociones.php', 14.5, 0),
(29, 'Entradas al Inventario', 'Entry the Inventory', 'listaPromocionProveedores.php', 14.6, 34),
(30, 'Salidas de Inventario', 'Inventory Exit', 'listaPromocionClientes.php', 14.7, 34),
(31, 'Buscador', 'Seeker', 'buscador.php', 30, 0),
(32, 'Devoluciones Clientes', 'Customer Returns', 'listaDevolucionCliente.php', 14, 44),
(33, 'Modificar Ventas', 'Change Sales', 'modificarVenta.php', 0, 1),
(34, 'Eliminar Ventas', 'Remove Sales', 'eliminarVenta.php', 1, 1),
(35, 'Eliminar Compras', 'Remove Purchases', 'eliminarFactura.php', 2.2, 3),
(36, 'Modificar Compras', 'Modify Shopping', 'modificarFactura.php', 2.1, 3),
(37, 'Devoluciones', 'Returns', 'devoluciones.php', 14, 0),
(38, 'Editar Informacion Tiquete', 'Edit Ticket', 'editarConfiguracionFactura.php', 50, 0),
(39, 'Reporte de Gastos', 'Expenditure Report', 'reporte_gastos.php', 20, 15),
(40, 'Reporte Compras Proveedores', 'Shopping Providers Report', 'reporte_compras_proveedores.php', 20, 15),
(41, 'Reporte Ventas Clientes', 'Customer Sales Report', 'reporte_ventas_clientes.php', 20, 15),
(42, 'Reporte de Facturas de Compra', 'Purchase Invoices Report', 'reporte_facturaCompra_numero.php', 25, 15),
(43, 'Reporte Iva Descontable', 'Report Vat Discountable', 'reporte_iva_descontable.php', 25, 15),
(44, 'Reporte Iva Generado', 'Report Vat Generated ', 'reporte_iva_generado.php', 25, 15),
(45, 'Kardex', 'Kardex', 'kardex.php', 17, 0),
(46, 'Historial de Acciones', 'Action History', 'auditoria.php', 49, 0),
(47, 'Reporte Arqueo Caja', 'Box Tonnage Report', 'reporteArqueoDiarioCaja.php', 19, 15),
(48, 'Reporte Movimientos Contables', 'Movements Accounting Report', 'reporte_gastos_contables.php', 25, 15),
(49, 'Ingresos', 'income', 'listaIngresos.php', 9, 0),
(50, 'Rifas', 'raffles', 'rifas.php', 17.7, 0),
(51, 'Abrir Caja', 'open Box', 'abrirCaja.php', 1.1, 1),
(52, 'Imprimir Factura Anterior', 'Print Invoice Previous', 'imprimirFacturaAnterior.php', 1.2, 1),
(53, 'Activos Fijos', 'Fixed Assets', 'listaActivosFijos.php', 17.5, 0),
(54, 'Configuracion del Sistema', 'System Setup', 'configuraciones.php', 52, 0),
(55, 'Reporte de Ingresos', 'Revenue Report', 'reporte_ingresos.php', 20, 15),
(56, 'Traslados de Caja', 'Cash Transfers', 'listaTrasladosCaja.php', 9.5, 0),
(57, 'Cotizaciones', 'Quotes', 'listaCotizaciones.php', 3.5, 0),
(58, 'Eliminar Cotizacion', 'Remove Quotes', 'eliminarCotizacion.php', 3.6, 65),
(59, 'Servicios Especiales', 'Special Services', 'listaProductosServicios.php', 3.1, 0),
(60, 'Eliminar Ventas de Servicios Especiales', 'Remove Special Services Sales', 'eliminarVentaServicio.php', 3.4, 67),
(61, 'Modificar Ventas de Servicios Especiales', 'Change Sales of Special Services', 'modificarVentaServicio.php', 3.3, 67),
(62, 'Imprimir Ventas Servicios', 'Print Sales Services', 'imprimirServiciosEspeciales.php', 3.2, 67),
(63, 'Reporte de Servicios Especiales', 'Special Services Report', 'reporte_servicios_especiales.php', 22.1, 15),
(64, 'Reporte Salidas de Inventario', 'Outputs Inventory Report', 'reporteSalidasInventario.php', 23, 15),
(65, 'Reporte de Entradas al Inventario', 'Inputs Inventory Report', 'reporteEntradasInventario.php', 23, 15),
(66, 'Reporte Productos Mayor Rotacion', 'Report output products more', 'reporte_producto_mas_rotacion.php', 23, 15),
(67, 'Reporte Productos Proveedor', 'Provider Product Report', 'reporte_productos_proveedor.php', 23, 15),
(68, 'Eliminar Factura Fisica', 'Delete Physic Bill', 'eliminarVentaFisica.php', 28, 76),
(69, 'Modificar Factura Fisica', 'Change Physic Bill', 'modificarVentaFisica.php', 27, 76),
(70, 'Facturas Fisicas', 'Physic Bills', 'ventas_fisicas.php', 26, 0),
(71, 'Recibo de Mercancia', 'Merchandise Recived', 'listaReciboMercancia.php', 7.5, 0),
(72, 'Reporte Ventas por producto', ' Product Sales Report', 'reporte_ventas_producto.php', 21.1, 15),
(73, 'Reporte por Retencion', 'Report by Withholding', 'reporte_retencion.php', 21.1, 15),
(74, 'Remision Cliente', 'Customer Remission', 'remisionesClientes.php', 53, 0),
(75, 'Reporte por Remision', 'Report by Referred', 'reporte_remision.php', 21.1, 15),
(76, 'Abonos a remisiones', 'Remissions Pay', 'abonosRemisiones.php', 54, 0),
(77, 'Remisiones atrasadas', 'Referrals backward', 'listaRemisionesClientesAtrasados.php', 55, 0),
(78, 'Configuracion Mesas', 'Table Configuration', 'configuracionMesas.php', 52.1, 0),
(79, 'Ventas Restaurante', 'Restaurant Sales', 'ventasRestaurante.php', 0.1, 0),
(80, 'Reporte Ventas Productos', 'Product Sales Report', 'reporte_ventas_producto.php', 21.1, 15),
(81, 'Reporte de ventas por mesa', 'Table sales report', 'reporte_mesa_venta.php', 21, 15),
(82, 'Reporte Atencion Por Mesas', 'Service Report By Tables', 'reporte_atencion_mesas.php', 22, 15),
(83, 'Reporte Ventas de Productos Agrupados en Categorias', 'Product Sales Report Grouped in Categories', 'reporte_ventasCategoria.php', 21.2, 16),
(84, 'Reporte Devoluciones', '', 'reporte_devoluciones.php', 22.1, 15),
(85, 'Reporte Devoluciones Clientes', '', 'reporte_devoluciones_clientes.php', 22.1, 15),
(86, 'reporte productos eliminados', 'reporte deleted products', 'reporteEliminacionProductosVenta.php', 55, 0);


INSERT INTO `usuario` (`usu_codigo`, `usu_nombre`, `usu_apellido`, `usu_telefono`, `usu_login`, `usu_pass`, `usu_tipo`, `usu_estado`, `usu_access_code`) VALUES
(1, 'Administrador', 'Negocio', '000000000', 'admin', '21232f297a57a5a743894a0e4a801fc3', 1, 1, '827ccb0eea8a706c4c34a16891f84e7b'),
(2, 'Super Administrador', 'Seitem', NULL, 'superadmin', 'aea3b2af002c7b3a64e5463e572c833a', 1, 2, '827ccb0eea8a706c4c34a16891f84e7b');

INSERT INTO `user_property` (`uspr_code`, `mod_code`, `use_code`, `uspr_property`) VALUES
(1, 1, 1, 'Write'),
(2, 2, 1, 'Write'),
(3, 3, 1, 'Write'),
(4, 4, 1, 'Write'),
(5, 5, 1, 'Write'),
(6, 6, 1, 'Write'),
(7, 7, 1, 'Write'),
(8, 8, 1, 'Write'),
(9, 9, 1, 'Write'),
(10, 10, 1, 'Write'),
(11, 11, 1, 'Write'),
(12, 12, 1, 'Write'),
(13, 13, 1, 'Write'),
(14, 14, 1, 'Write'),
(15, 15, 1, 'Write'),
(16, 16, 1, 'Write'),
(17, 17, 1, 'Write'),
(18, 18, 1, 'Write'),
(19, 19, 1, 'Write'),
(20, 20, 1, 'Write'),
(21, 21, 1, 'Write'),
(22, 22, 1, 'Write'),
(23, 23, 1, 'Write'),
(24, 24, 1, 'Write'),
(25, 25, 1, 'Write'),
(26, 26, 1, 'Write'),
(27, 27, 1, 'Write'),
(28, 28, 1, 'Write'),
(29, 29, 1, 'Write'),
(30, 30, 1, 'Write'),
(31, 31, 1, 'Write'),
(32, 32, 1, 'Write'),
(33, 33, 1, 'Write'),
(34, 34, 1, 'Write'),
(35, 35, 1, 'Write'),
(36, 36, 1, 'Write'),
(37, 37, 1, 'Write'),
(38, 38, 1, 'Write'),
(39, 39, 1, 'Write'),
(40, 40, 1, 'Write'),
(41, 41, 1, 'Write'),
(42, 42, 1, 'Write'),
(43, 43, 1, 'Write'),
(44, 44, 1, 'Write'),
(45, 45, 1, 'Write'),
(46, 46, 1, 'Write'),
(47, 47, 1, 'Write'),
(48, 48, 1, 'Write'),
(49, 49, 1, 'Write'),
(50, 50, 1, 'Write'),
(51, 51, 1, 'Write'),
(52, 52, 1, 'Write'),
(53, 53, 1, 'Write'),
(54, 54, 1, 'Write'),
(55, 55, 1, 'Write'),
(56, 56, 1, 'Write'),
(57, 57, 1, 'Write'),
(58, 58, 1, 'Write'),
(59, 59, 1, 'Write'),
(60, 60, 1, 'Write'),
(61, 61, 1, 'Write'),
(62, 62, 1, 'Write'),
(63, 63, 1, 'Write'),
(64, 64, 1, 'Write'),
(65, 65, 1, 'Write'),
(66, 66, 1, 'Write'),
(67, 67, 1, 'Write'),
(68, 68, 1, 'Write'),
(69, 69, 1, 'Write'),
(70, 70, 1, 'Write'),
(71, 71, 1, 'Write'),
(72, 72, 1, 'Write'),
(73, 73, 1, 'Write'),
(74, 74, 1, 'Write'),
(75, 75, 1, 'Write'),
(76, 76, 1, 'Write'),
(77, 77, 1, 'Write'),
(78, 78, 1, 'Write'),
(79, 79, 1, 'Write'),
(80, 80, 1, 'Write'),
(81, 81, 1, 'Write'),
(82, 82, 1, 'Write'),
(83, 81, 1, 'Write');


-- insersion en los modulos ocultos
INSERT INTO `modulos_ocultos` (`mo_codigo`, `mo_nombre`, `mo_ocultar`) VALUES
(1, 'Ventas', 'NO'),
(2, 'Compras', 'NO'),
(3, 'Usuarios', 'NO'),
(4, 'Proveedores', 'NO'),
(5, 'Clientes', 'NO'),
(6, 'Productos', 'NO'),
(7, 'Inventario', 'NO'),
(8, 'Gastos', 'SI'),
(9, 'Prestamos', 'SI'),
(10, 'Zetas', 'SI'),
(11, 'Cuadres', 'SI'),
(12, 'Pedidos', 'SI'),
(13, 'Devoluciones', 'NO'),
(14, 'Contabilidad', 'SI'),
(15, 'Traspasos', 'SI'),
(16, 'Liquidacion', 'SI'),
(17, 'Reportes', 'SI'),
(18, 'Promociones', 'SI'),
(19, 'Editar Factura', 'NO'),
(20, 'Kardex', 'SI'),
(21, 'Historial', 'SI'),
(22, 'Servicios Especiales', 'SI'),
(23, 'Cotizaciones', 'SI'),
(24, 'configuracionmesas', 'NO'),
(25, 'VentasRestaurante', 'NO'),
(26, 'Facturas Fisicas', 'SI'),
(27, 'Recibo de Mercancia', 'SI'),
(28, 'Ingresos', 'SI'),
(29, 'Traslados de Caja', 'SI'),
(30, 'Activos Fijos', 'SI'),
(31, 'Rifas', 'SI'),
(32, 'Configuracion', 'NO');


INSERT INTO `tipo_gasto` (`tiga_codigo`, `tiga_nombre`, `tiga_descripcion`) VALUES
(1, 'Pago a Proveedor', 'Este egreso se efectua cuando se paga de contado una factura de compra '),
(2, 'Abono a Proveedor', 'Este tipo de egresose efectua cuando se hace un abono a una factura de compra'),
(3, 'Multiples Pagos a Una Persona', ''),
(4, 'Multiples Pagos a Multiples Personas', '');


INSERT INTO `tipo_movimiento` (`tm_codigo`, `tm_tipo`, `tm_codigo_contable`, `tm_descripcion`, `tm_rete_uvt`, `tm_rete_tarifa`, `tm_rete_base_pesos`, `tm_rete_iva`, `tm_base_rete_ica`, `tm_tarifa_rete_ica`) VALUES
(43, 'Egreso', '2710', 'Abono Proveedor', NULL, NULL, NULL, 0.00, NULL, NULL),
(42, 'Egreso', '513510', 'Servicios Generales', 4, 4.00, 107364.00, 0.00, NULL, NULL),
(41, 'Egreso', '511025', 'Contratos de Consultoria y Administracion Denegada', 0, 6.00, 0.00, 0.00, NULL, NULL),
(40, 'Egreso', '511030', 'Honorarios y Comisiones', 0, 10.00, 0.00, 0.00, NULL, NULL),
(39, 'Egreso', '510506', 'Sueldos', NULL, NULL, NULL, 0.00, NULL, NULL),
(38, 'Egreso', '5140', 'Gastos Legales', 0, 0.00, 0.00, 0.00, NULL, NULL),
(36, 'Egreso', '62', 'Compras', 27, 3.50, 725000.00, 15.00, 1179000.000, 0.40),
(37, 'Egreso', '513525', 'Acueducto y Alcantarillado', NULL, NULL, NULL, NULL, NULL, NULL),
(35, 'Egreso', '2205', 'Proveedores', NULL, NULL, NULL, NULL, NULL, NULL),
(34, 'Ingreso', '4295', 'Diversos', NULL, NULL, NULL, NULL, NULL, NULL),
(33, 'Ingreso', '4265', 'Ingresos de Ejercicios Anteriores', NULL, NULL, NULL, NULL, NULL, NULL),
(32, 'Ingreso', '4260', 'Participaciones en Concesiones', NULL, NULL, NULL, NULL, NULL, NULL),
(31, 'Ingreso', '4255', 'Indemnizaciones', NULL, NULL, NULL, NULL, NULL, NULL),
(30, 'Ingreso', '4250', 'Recuperaciones', NULL, NULL, NULL, NULL, NULL, NULL),
(29, 'Ingreso', '4245', 'Utilidad en Venta de Propiedades, Planta, Equipo', NULL, NULL, NULL, NULL, NULL, NULL),
(28, 'Ingreso', '4240', 'Utilidad en Venta de Inversiones', NULL, NULL, NULL, NULL, NULL, NULL),
(27, 'Ingreso', '4235', 'Servicios', NULL, NULL, NULL, NULL, NULL, NULL),
(26, 'Ingreso', '4230', 'Honorarios', NULL, NULL, NULL, NULL, NULL, NULL),
(25, 'Ingreso', '4225', 'Comisiones', NULL, NULL, NULL, NULL, NULL, NULL),
(24, 'Ingreso', '4220', 'Arrendamientos', NULL, NULL, NULL, NULL, NULL, NULL),
(23, 'Ingreso', '4215', 'Dividendos y Participaciones', NULL, NULL, NULL, NULL, NULL, NULL),
(22, 'Ingreso', '4175', 'Devoluciones, Descuentos en Ventas', NULL, NULL, NULL, NULL, NULL, NULL),
(21, 'Ingreso', '4170', 'Otras actividades sociales', NULL, NULL, NULL, NULL, NULL, NULL),
(20, 'Ingreso', '4155', 'Actividades inmobiliarias y de Alquiler', NULL, NULL, NULL, NULL, NULL, NULL),
(19, 'Ingreso', '4150', 'Actividad Financiera', NULL, NULL, NULL, NULL, NULL, NULL),
(2, 'Ingreso', '4125', 'Suministro de Electricidad, Gas, Agua', NULL, NULL, NULL, NULL, NULL, NULL),
(3, 'Egreso', '5199', 'Provisiones', NULL, NULL, NULL, NULL, NULL, NULL),
(4, 'Egreso', '5195', 'Diversos', NULL, NULL, NULL, NULL, NULL, NULL),
(5, 'Egreso', '5165', 'Amortizaciones', NULL, NULL, NULL, NULL, NULL, NULL),
(6, 'Egreso', '5160', 'Depreciaciones', NULL, NULL, NULL, NULL, NULL, NULL),
(7, 'Egreso', '5155', 'Gastos de Viaje', NULL, NULL, NULL, NULL, NULL, NULL),
(18, 'Ingreso', '4145', 'Transporte, Almacenamiento, Comunicaciones', NULL, NULL, NULL, NULL, NULL, NULL),
(17, 'Egreso', '5150', 'Adecuacion e Instalacion', NULL, NULL, NULL, NULL, NULL, NULL),
(16, 'Egreso', '5145', 'Mantenimiento y Reparaciones', NULL, NULL, NULL, NULL, NULL, NULL),
(84, 'Egreso', '511035', 'Asesoria Tecnica', NULL, NULL, NULL, 0.00, NULL, NULL),
(14, 'Egreso', '5135', 'Servicios', NULL, NULL, NULL, NULL, NULL, NULL),
(13, 'Egreso', '5130', 'Seguros', NULL, NULL, NULL, NULL, NULL, NULL),
(12, 'Egreso', '5125', 'Contribuciones y Afiliaciones', NULL, NULL, NULL, NULL, NULL, NULL),
(11, 'Egreso', '5120', 'Arrendamientos', 27, 3.50, 725000.00, 0.00, 0.000, 0.00),
(10, 'Egreso', '5115', 'Impuestos', NULL, NULL, NULL, NULL, NULL, NULL),
(9, 'Egreso', '5110', 'Honorarios', NULL, NULL, NULL, NULL, NULL, NULL),
(8, 'Egreso', '5105', 'Gastos de Personal', NULL, NULL, NULL, NULL, NULL, NULL),
(1, 'Ingreso', '4135', 'Comercio al por mayor y por menor', NULL, NULL, NULL, NULL, NULL, NULL),
(44, 'Egreso', '5', 'Gastos', 0, 0.00, 0.00, 0.00, 0.000, 0.00),
(45, 'Egreso', '53', 'No Operacionales', 0, 0.00, 0.00, 0.00, 0.000, 0.00),
(46, 'Egreso', '5395', 'Gastos Diversos', 0, 0.00, 0.00, 0.00, 0.000, 0.00),
(47, 'Egreso', '539595', 'Otros', 0, 0.00, 0.00, 0.00, 0.000, 0.00),
(48, 'Egreso', NULL, 'Varios Movimientos', NULL, NULL, NULL, 0.00, NULL, NULL),
(50, 'Egreso', '513515', 'Asistencia Técnica', 4, 6.00, 107000.00, 15.00, 0.000, 0.00),
(86, 'Egreso', '516515', 'COMPRA DE ACTIVOS', NULL, NULL, NULL, 0.00, NULL, NULL),
(71, 'Egreso', '513530', 'Energia Electrica', NULL, NULL, NULL, 0.00, NULL, NULL),
(72, 'Egreso', '513535', 'Telefono', NULL, NULL, NULL, 0.00, NULL, NULL),
(73, 'Egreso', '514010', 'Registro Mercantil', NULL, NULL, NULL, 0.00, NULL, NULL),
(74, 'Egreso', '515595', 'Viaticos', NULL, NULL, NULL, 0.00, NULL, NULL),
(75, 'Egreso', '519525', 'Elementos de Aseo y Cafeteria', NULL, NULL, NULL, 0.00, NULL, NULL),
(76, 'Egreso', '519530', 'Utiles, Papeleria Y fotocopias', NULL, NULL, NULL, 0.00, NULL, NULL),
(77, 'Egreso', '519545', 'Taxis y Buses', NULL, NULL, NULL, 0.00, NULL, NULL),
(78, 'Egreso', '519595', 'Otros', NULL, NULL, NULL, 0.00, NULL, NULL),
(79, 'Egreso', '530515', 'Comisiones', NULL, NULL, NULL, 0.00, NULL, NULL),
(80, 'Egreso', '151215', 'Equipos de Computo y Comunicacion', NULL, NULL, NULL, 0.00, NULL, NULL),
(81, 'Egreso', '151210', 'Equipo de Oficina', NULL, NULL, NULL, 0.00, NULL, NULL),
(85, 'Egreso', '510507', 'PRESTACION SERVICIOS', NULL, NULL, NULL, 0.00, NULL, NULL),
(82, 'Egreso', '510551', 'Dotacion y suministros', 0, 0.00, 0.00, 0.00, 0.000, 0.00),
(83, 'Egreso', '513505', 'Aseo y vigilancia', 0, 0.00, 0.00, 0.00, 0.000, 0.00);

INSERT INTO `rifa` (`rif_consecutivo`, `rif_descripcion`, `rif_fecha`, `rif_texto`, `rif_consecutivo_x`, `rif_descripcion_x`, `rif_fecha_x`, `rif_texto_x`, `rif_modulo_ventas`) VALUES
(1, 'GRAN RIFA DE UNA MOTO AKT 125', 'Juega el 15 de Septiembre de 2012', 'Entre mas compre, mas facil es ganar', 250, 60, 60, 60, 'Inactivo');


INSERT INTO `tipo_ingreso` (`ting_codigo`, `ting_nombre`, `ting_descripcion`) VALUES
(1, 'Abono de Cliente', ''),
(2, 'Inyeccion Capital', ''),
(3, 'Base Diaria Caja', 'Este dinero es el ingresado en las mañanas para la base de devuelta a los clientes'),
(4, 'Prestamo de Terceros', 'Olivia Maria Herrera Lopera'),
(5, 'Venta / Prestacion Servicios Especiales', '');

INSERT INTO `configuracion` (
`conf_codigo`, 
`conf_regimen`, 
`conf_compras`, 
`conf_balanza`, 
`conf_fechas`, 
`conf_impresion_ventas`, 
`conf_impresion_iva`, 
`conf_ruta_local`, 
`conf_nit_client`, 
`conf_numero_licencia`, 
`conf_licencia_online`, 
`conf_iva_1`, 
`conf_iva_2`, 
`conf_iva_3`, 
`conf_porcImpConsumo`, 
`conf_correo_backup_1`, 
`conf_correo_backup_2`, 
`conf_correo_backup_3`, 
`conf_language`, 
`conf_inventario_negativo`, 
`conf_preguntar_licencia_local`, 
`conf_preguntar_numero_caja`) VALUES 
(1, 'Regimen Simplificadom del Impuesto al Consumo', 
'Desactivado', 
'Desactivado', 
'Desactivado', 
'Impresora POS', 
'Desactivado', 
'seitem.loc', '', '', 
'Desactivado', 0.16, 0.1, 0.05, 8.00, 
'', '', '', 'ES', 'Activado', 'Desactivado', 'Activado');
